﻿slide_id,ER,PR,HER2
1,TRUE,TRUE,FALSE
2,FALSE,FALSE,FALSE
3,TRUE,TRUE,FALSE
4,FALSE,FALSE,TRUE
5,FALSE,FALSE,FALSE
6,FALSE,FALSE,FALSE
7,TRUE,TRUE,FALSE
8,TRUE,TRUE,FALSE
9,TRUE,TRUE,FALSE
10,TRUE,TRUE,FALSE
11,TRUE,TRUE,FALSE
12,TRUE,TRUE,FALSE
13,FALSE,FALSE,FALSE
14,TRUE,TRUE,FALSE
15,TRUE,TRUE,FALSE
16,TRUE,TRUE,FALSE
17,TRUE,TRUE,FALSE
18,TRUE,TRUE,FALSE
19,TRUE,FALSE,FALSE
20,TRUE,TRUE,FALSE
21,TRUE,TRUE,FALSE
22,TRUE,TRUE,FALSE
23,TRUE,TRUE,TRUE
24,TRUE,TRUE,FALSE
25,TRUE,TRUE,FALSE
26,TRUE,TRUE,FALSE
27,TRUE,TRUE,TRUE
28,FALSE,FALSE,FALSE
29,TRUE,TRUE,FALSE
30,TRUE,TRUE,FALSE
31,FALSE,FALSE,TRUE
32,TRUE,TRUE,FALSE
33,TRUE,TRUE,FALSE
34,TRUE,TRUE,FALSE
35,TRUE,TRUE,FALSE
36,TRUE,TRUE,FALSE
37,TRUE,TRUE,FALSE
38,TRUE,TRUE,FALSE
39,TRUE,TRUE,FALSE
40,TRUE,TRUE,TRUE
41,FALSE,FALSE,FALSE
42,TRUE,FALSE,TRUE
43,TRUE,TRUE,TRUE
44,FALSE,FALSE,FALSE
45,FALSE,FALSE,FALSE
46,FALSE,FALSE,TRUE
47,TRUE,TRUE,FALSE
48,FALSE,FALSE,FALSE
49,FALSE,FALSE,FALSE
50,TRUE,TRUE,FALSE
51,TRUE,TRUE,FALSE
52,FALSE,TRUE,FALSE
53,FALSE,FALSE,FALSE
54,TRUE,FALSE,TRUE
55,TRUE,TRUE,TRUE
56,TRUE,TRUE,FALSE
57,FALSE,FALSE,FALSE
58,TRUE,FALSE,FALSE
59,TRUE,TRUE,FALSE
60,TRUE,TRUE,FALSE
61,TRUE,TRUE,FALSE
62,TRUE,TRUE,FALSE
63,TRUE,TRUE,FALSE
64,FALSE,FALSE,TRUE
65,TRUE,TRUE,FALSE
66,TRUE,FALSE,FALSE
67,TRUE,TRUE,FALSE
68,TRUE,TRUE,FALSE
69,FALSE,FALSE,TRUE
70,TRUE,TRUE,FALSE
71,TRUE,TRUE,FALSE
72,TRUE,TRUE,FALSE
73,TRUE,TRUE,FALSE
74,TRUE,TRUE,FALSE
75,TRUE,TRUE,FALSE
76,TRUE,TRUE,FALSE
77,FALSE,FALSE,TRUE
78,TRUE,TRUE,FALSE
79,TRUE,TRUE,FALSE
80,FALSE,FALSE,TRUE
81,TRUE,TRUE,TRUE
82,TRUE,TRUE,FALSE
83,TRUE,TRUE,FALSE
84,FALSE,FALSE,TRUE
85,TRUE,TRUE,FALSE
86,TRUE,TRUE,TRUE
87,TRUE,TRUE,TRUE
88,TRUE,TRUE,FALSE
89,TRUE,TRUE,FALSE
90,TRUE,TRUE,FALSE
91,TRUE,TRUE,TRUE
92,TRUE,TRUE,TRUE
93,TRUE,TRUE,FALSE
94,TRUE,TRUE,FALSE
95,TRUE,TRUE,TRUE
96,FALSE,FALSE,FALSE
97,FALSE,FALSE,FALSE
98,FALSE,FALSE,FALSE
99,TRUE,TRUE,FALSE
100,FALSE,FALSE,FALSE
101,TRUE,TRUE,TRUE
102,TRUE,FALSE,TRUE
103,TRUE,TRUE,FALSE
104,FALSE,FALSE,FALSE
105,TRUE,FALSE,TRUE
106,TRUE,TRUE,FALSE
107,FALSE,FALSE,FALSE
108,FALSE,FALSE,FALSE
109,FALSE,FALSE,FALSE
110,FALSE,FALSE,FALSE
111,TRUE,TRUE,FALSE
112,TRUE,TRUE,FALSE
113,TRUE,TRUE,FALSE
114,TRUE,TRUE,FALSE
115,TRUE,TRUE,FALSE
116,FALSE,TRUE,TRUE
117,TRUE,TRUE,FALSE
118,TRUE,TRUE,FALSE
119,FALSE,FALSE,FALSE
120,TRUE,TRUE,FALSE
121,TRUE,TRUE,TRUE
122,TRUE,TRUE,FALSE
123,TRUE,TRUE,FALSE
124,TRUE,TRUE,TRUE
125,TRUE,TRUE,FALSE
126,TRUE,TRUE,FALSE
127,TRUE,TRUE,FALSE
128,TRUE,TRUE,FALSE
129,TRUE,TRUE,FALSE
130,FALSE,FALSE,FALSE
131,FALSE,FALSE,TRUE
132,TRUE,FALSE,FALSE
133,TRUE,TRUE,FALSE
134,TRUE,TRUE,FALSE
135,TRUE,TRUE,TRUE
136,TRUE,TRUE,FALSE
137,TRUE,TRUE,FALSE
138,TRUE,TRUE,FALSE
139,TRUE,TRUE,FALSE
140,TRUE,TRUE,FALSE
141,TRUE,TRUE,FALSE
142,TRUE,TRUE,TRUE
143,TRUE,TRUE,FALSE
144,TRUE,TRUE,FALSE
145,TRUE,FALSE,FALSE
146,TRUE,TRUE,FALSE
147,FALSE,TRUE,TRUE
148,FALSE,FALSE,TRUE
149,FALSE,FALSE,TRUE
150,TRUE,TRUE,FALSE
151,FALSE,FALSE,FALSE
152,TRUE,TRUE,FALSE
153,TRUE,TRUE,FALSE
154,TRUE,TRUE,TRUE
155,FALSE,FALSE,TRUE
156,FALSE,FALSE,FALSE
157,TRUE,TRUE,FALSE
158,TRUE,TRUE,FALSE
159,TRUE,TRUE,TRUE
160,TRUE,TRUE,FALSE
161,FALSE,FALSE,TRUE
162,FALSE,FALSE,FALSE
163,TRUE,TRUE,FALSE
164,TRUE,TRUE,FALSE
165,FALSE,FALSE,FALSE
166,TRUE,TRUE,FALSE
167,TRUE,TRUE,FALSE
168,TRUE,TRUE,TRUE
169,TRUE,TRUE,FALSE
170,TRUE,TRUE,FALSE
171,TRUE,TRUE,FALSE
172,TRUE,TRUE,FALSE
173,TRUE,TRUE,FALSE
174,TRUE,TRUE,FALSE
175,TRUE,TRUE,FALSE
176,FALSE,FALSE,FALSE
177,FALSE,FALSE,FALSE
178,TRUE,FALSE,FALSE
179,TRUE,TRUE,FALSE
180,TRUE,TRUE,FALSE
181,TRUE,TRUE,FALSE
182,TRUE,TRUE,FALSE
183,TRUE,TRUE,TRUE
184,TRUE,TRUE,FALSE
185,TRUE,TRUE,FALSE
186,TRUE,TRUE,FALSE
187,TRUE,TRUE,FALSE
188,TRUE,TRUE,FALSE
189,FALSE,FALSE,FALSE
190,TRUE,TRUE,FALSE
191,TRUE,TRUE,FALSE
192,FALSE,FALSE,TRUE
193,FALSE,FALSE,FALSE
194,TRUE,TRUE,FALSE
195,TRUE,TRUE,TRUE
196,TRUE,TRUE,FALSE
197,TRUE,TRUE,TRUE
198,FALSE,FALSE,FALSE
199,FALSE,TRUE,FALSE
200,TRUE,TRUE,FALSE
201,TRUE,TRUE,TRUE
202,TRUE,TRUE,FALSE
203,TRUE,TRUE,FALSE
204,TRUE,FALSE,TRUE
205,TRUE,TRUE,FALSE
206,FALSE,FALSE,TRUE
207,TRUE,TRUE,FALSE
208,TRUE,TRUE,TRUE
209,TRUE,FALSE,FALSE
210,TRUE,FALSE,FALSE
211,TRUE,TRUE,TRUE
212,TRUE,TRUE,FALSE
213,TRUE,TRUE,FALSE
214,TRUE,TRUE,FALSE
215,TRUE,TRUE,FALSE
216,TRUE,TRUE,TRUE
217,TRUE,TRUE,FALSE
218,TRUE,TRUE,FALSE
219,TRUE,FALSE,FALSE
220,TRUE,TRUE,FALSE
221,TRUE,TRUE,FALSE
222,TRUE,TRUE,FALSE
223,FALSE,FALSE,TRUE
224,TRUE,TRUE,FALSE
225,TRUE,TRUE,FALSE
226,TRUE,TRUE,FALSE
227,FALSE,FALSE,FALSE
228,TRUE,TRUE,TRUE
229,TRUE,TRUE,FALSE
230,TRUE,TRUE,FALSE
231,TRUE,TRUE,FALSE
232,TRUE,TRUE,TRUE
233,TRUE,FALSE,TRUE
234,TRUE,TRUE,FALSE
235,TRUE,TRUE,FALSE
236,TRUE,TRUE,FALSE
237,TRUE,FALSE,TRUE
238,TRUE,TRUE,TRUE
239,FALSE,FALSE,TRUE
240,TRUE,TRUE,FALSE
241,TRUE,TRUE,FALSE
242,TRUE,FALSE,FALSE
243,TRUE,FALSE,TRUE
244,TRUE,FALSE,FALSE
245,FALSE,FALSE,TRUE
246,TRUE,TRUE,TRUE
247,TRUE,TRUE,FALSE
248,TRUE,TRUE,TRUE
249,TRUE,TRUE,FALSE
250,TRUE,TRUE,FALSE
251,FALSE,FALSE,TRUE
252,TRUE,TRUE,FALSE
253,TRUE,TRUE,TRUE
254,FALSE,FALSE,FALSE
255,TRUE,TRUE,FALSE
256,TRUE,TRUE,FALSE
257,TRUE,TRUE,FALSE
258,FALSE,FALSE,TRUE
259,TRUE,FALSE,TRUE
260,TRUE,TRUE,FALSE
261,TRUE,TRUE,FALSE
262,FALSE,FALSE,TRUE
263,TRUE,TRUE,FALSE
264,TRUE,TRUE,FALSE
265,FALSE,FALSE,FALSE
266,TRUE,TRUE,FALSE
267,TRUE,TRUE,FALSE
268,TRUE,TRUE,FALSE
269,FALSE,FALSE,TRUE
270,TRUE,TRUE,TRUE
271,TRUE,TRUE,TRUE
272,FALSE,FALSE,FALSE
273,FALSE,FALSE,FALSE
274,TRUE,TRUE,FALSE
275,TRUE,TRUE,FALSE
276,FALSE,FALSE,TRUE
277,TRUE,TRUE,FALSE
278,TRUE,TRUE,FALSE
279,TRUE,TRUE,TRUE
280,FALSE,FALSE,FALSE
281,TRUE,TRUE,FALSE
282,TRUE,FALSE,TRUE
283,TRUE,TRUE,FALSE
284,TRUE,TRUE,FALSE
285,TRUE,TRUE,FALSE
286,FALSE,FALSE,FALSE
287,TRUE,TRUE,FALSE
288,TRUE,TRUE,TRUE
289,TRUE,FALSE,TRUE
290,FALSE,FALSE,TRUE
291,TRUE,TRUE,FALSE
292,TRUE,TRUE,FALSE
293,TRUE,TRUE,FALSE
294,FALSE,FALSE,TRUE
295,TRUE,TRUE,FALSE
296,TRUE,TRUE,TRUE
297,TRUE,TRUE,FALSE
298,TRUE,TRUE,FALSE
299,TRUE,TRUE,FALSE
300,TRUE,TRUE,FALSE
301,TRUE,TRUE,FALSE
302,FALSE,FALSE,TRUE
303,TRUE,TRUE,FALSE
304,FALSE,FALSE,FALSE
305,TRUE,TRUE,FALSE
306,TRUE,TRUE,FALSE
307,TRUE,TRUE,FALSE
308,TRUE,TRUE,FALSE
309,FALSE,FALSE,FALSE
310,TRUE,TRUE,FALSE
311,TRUE,TRUE,FALSE
312,TRUE,TRUE,FALSE
313,TRUE,TRUE,FALSE
314,TRUE,TRUE,FALSE
315,TRUE,TRUE,FALSE
316,TRUE,TRUE,FALSE
317,TRUE,FALSE,TRUE
318,TRUE,TRUE,FALSE
319,TRUE,TRUE,FALSE
320,TRUE,TRUE,TRUE
321,TRUE,TRUE,TRUE
322,TRUE,FALSE,FALSE
323,TRUE,FALSE,TRUE
324,FALSE,FALSE,FALSE
325,TRUE,TRUE,FALSE
326,TRUE,TRUE,FALSE
327,TRUE,TRUE,TRUE
328,TRUE,TRUE,FALSE
329,FALSE,FALSE,FALSE
330,TRUE,TRUE,FALSE
331,FALSE,FALSE,FALSE
332,TRUE,TRUE,FALSE
333,TRUE,TRUE,FALSE
334,FALSE,FALSE,TRUE
335,TRUE,TRUE,FALSE
336,TRUE,TRUE,FALSE
337,FALSE,FALSE,FALSE
338,FALSE,FALSE,TRUE
339,TRUE,TRUE,FALSE
340,TRUE,TRUE,FALSE
341,TRUE,TRUE,TRUE
342,TRUE,TRUE,TRUE
343,FALSE,FALSE,FALSE
344,TRUE,TRUE,TRUE
345,FALSE,FALSE,TRUE
346,TRUE,TRUE,FALSE
347,TRUE,TRUE,FALSE
348,TRUE,TRUE,FALSE
349,FALSE,FALSE,FALSE
350,TRUE,TRUE,FALSE
351,TRUE,TRUE,FALSE
352,TRUE,TRUE,TRUE
353,FALSE,FALSE,TRUE
354,TRUE,TRUE,FALSE
355,FALSE,FALSE,TRUE
356,TRUE,TRUE,FALSE
357,TRUE,TRUE,FALSE
358,TRUE,TRUE,FALSE
359,FALSE,FALSE,FALSE
360,TRUE,FALSE,FALSE
361,TRUE,TRUE,FALSE
362,FALSE,FALSE,FALSE
363,TRUE,TRUE,FALSE
364,TRUE,TRUE,TRUE
365,TRUE,TRUE,FALSE
366,TRUE,TRUE,FALSE
367,TRUE,TRUE,FALSE
368,TRUE,TRUE,FALSE
369,FALSE,FALSE,FALSE
370,FALSE,FALSE,FALSE
371,FALSE,FALSE,TRUE
372,TRUE,TRUE,TRUE
373,TRUE,TRUE,FALSE
374,FALSE,FALSE,FALSE
375,TRUE,TRUE,FALSE
376,TRUE,TRUE,FALSE
377,TRUE,TRUE,FALSE
378,TRUE,TRUE,FALSE
379,TRUE,TRUE,FALSE
380,FALSE,FALSE,FALSE
381,TRUE,FALSE,FALSE
382,FALSE,TRUE,TRUE
383,FALSE,FALSE,TRUE
384,TRUE,TRUE,FALSE
385,TRUE,TRUE,FALSE
386,TRUE,TRUE,FALSE
387,FALSE,FALSE,FALSE
388,TRUE,TRUE,FALSE
389,TRUE,TRUE,TRUE
390,TRUE,TRUE,FALSE
391,TRUE,TRUE,FALSE
392,FALSE,FALSE,FALSE
393,FALSE,FALSE,TRUE
394,TRUE,TRUE,FALSE
395,TRUE,TRUE,FALSE
396,FALSE,FALSE,FALSE
397,FALSE,FALSE,TRUE
398,TRUE,TRUE,FALSE
399,FALSE,FALSE,FALSE
400,FALSE,FALSE,FALSE
401,FALSE,FALSE,FALSE
402,TRUE,TRUE,FALSE
403,TRUE,TRUE,FALSE
404,TRUE,TRUE,TRUE
405,TRUE,TRUE,FALSE
406,TRUE,TRUE,FALSE
407,TRUE,TRUE,FALSE
408,TRUE,TRUE,FALSE
409,TRUE,TRUE,FALSE
410,FALSE,FALSE,FALSE
411,TRUE,TRUE,TRUE
412,TRUE,TRUE,TRUE
413,TRUE,TRUE,FALSE
414,TRUE,TRUE,FALSE
415,TRUE,TRUE,FALSE
416,TRUE,TRUE,TRUE
417,TRUE,TRUE,TRUE
418,TRUE,TRUE,TRUE
419,TRUE,FALSE,FALSE
420,FALSE,FALSE,FALSE
421,TRUE,TRUE,FALSE
422,TRUE,TRUE,FALSE
423,FALSE,FALSE,FALSE
424,FALSE,FALSE,FALSE
425,FALSE,FALSE,FALSE
426,TRUE,TRUE,FALSE
427,TRUE,TRUE,FALSE
428,TRUE,TRUE,FALSE
429,TRUE,TRUE,FALSE
430,TRUE,TRUE,FALSE
431,TRUE,TRUE,FALSE
432,FALSE,FALSE,FALSE
433,TRUE,TRUE,FALSE
434,TRUE,TRUE,FALSE
435,TRUE,TRUE,FALSE
436,TRUE,TRUE,FALSE
437,TRUE,TRUE,FALSE
438,TRUE,TRUE,FALSE
439,TRUE,TRUE,TRUE
440,FALSE,FALSE,FALSE
441,TRUE,TRUE,FALSE
442,TRUE,TRUE,FALSE
443,FALSE,FALSE,FALSE
444,FALSE,TRUE,TRUE
445,TRUE,TRUE,FALSE
446,TRUE,TRUE,FALSE
447,TRUE,TRUE,FALSE
448,TRUE,TRUE,FALSE
449,FALSE,FALSE,FALSE
450,TRUE,TRUE,FALSE
451,TRUE,TRUE,FALSE
452,TRUE,TRUE,TRUE
453,TRUE,TRUE,FALSE
454,FALSE,FALSE,FALSE
455,TRUE,TRUE,FALSE
456,TRUE,TRUE,FALSE
457,TRUE,TRUE,TRUE
458,TRUE,TRUE,FALSE
459,TRUE,TRUE,FALSE
460,TRUE,TRUE,FALSE
461,TRUE,TRUE,FALSE
462,TRUE,TRUE,FALSE
463,TRUE,TRUE,FALSE
464,TRUE,TRUE,TRUE
465,TRUE,TRUE,TRUE
466,FALSE,FALSE,FALSE
467,TRUE,TRUE,FALSE
468,FALSE,FALSE,TRUE
469,TRUE,TRUE,FALSE
470,TRUE,TRUE,TRUE
471,TRUE,TRUE,FALSE
472,TRUE,TRUE,FALSE
473,TRUE,TRUE,FALSE
474,TRUE,TRUE,FALSE
475,FALSE,FALSE,FALSE
476,TRUE,FALSE,TRUE
477,TRUE,TRUE,FALSE
478,TRUE,TRUE,FALSE
479,TRUE,TRUE,FALSE
480,TRUE,TRUE,FALSE
481,TRUE,FALSE,FALSE
482,TRUE,TRUE,FALSE
483,TRUE,TRUE,FALSE
484,TRUE,TRUE,TRUE
485,TRUE,FALSE,FALSE
486,TRUE,FALSE,TRUE
487,TRUE,TRUE,FALSE
488,TRUE,TRUE,FALSE
489,TRUE,FALSE,FALSE
490,TRUE,TRUE,TRUE
491,FALSE,FALSE,FALSE
492,FALSE,FALSE,TRUE
493,TRUE,TRUE,FALSE
494,TRUE,TRUE,TRUE
495,TRUE,TRUE,FALSE
496,TRUE,TRUE,FALSE
497,TRUE,TRUE,TRUE
498,FALSE,FALSE,TRUE
499,TRUE,TRUE,FALSE
500,FALSE,FALSE,TRUE
501,TRUE,TRUE,FALSE
502,TRUE,TRUE,TRUE
503,TRUE,TRUE,TRUE
504,TRUE,FALSE,TRUE
505,TRUE,TRUE,FALSE
506,FALSE,FALSE,TRUE
507,TRUE,TRUE,FALSE
508,TRUE,TRUE,TRUE
509,FALSE,FALSE,TRUE
510,TRUE,TRUE,TRUE
511,TRUE,TRUE,FALSE
512,FALSE,FALSE,TRUE
513,TRUE,TRUE,FALSE
514,TRUE,TRUE,FALSE
515,TRUE,TRUE,TRUE
516,TRUE,TRUE,FALSE
517,TRUE,TRUE,FALSE
518,FALSE,FALSE,TRUE
519,TRUE,TRUE,FALSE
520,TRUE,TRUE,FALSE
521,TRUE,TRUE,FALSE
522,TRUE,TRUE,TRUE
523,TRUE,TRUE,TRUE
524,FALSE,FALSE,FALSE
525,TRUE,TRUE,FALSE
526,TRUE,TRUE,FALSE
527,TRUE,TRUE,TRUE
528,FALSE,FALSE,TRUE
529,TRUE,TRUE,FALSE
530,TRUE,TRUE,FALSE
531,TRUE,TRUE,FALSE
532,TRUE,TRUE,FALSE
533,TRUE,TRUE,FALSE
534,TRUE,TRUE,FALSE
535,TRUE,TRUE,FALSE
536,TRUE,TRUE,FALSE
537,TRUE,TRUE,TRUE
538,TRUE,TRUE,FALSE
539,TRUE,TRUE,FALSE
540,FALSE,FALSE,TRUE
541,TRUE,TRUE,FALSE
542,TRUE,TRUE,FALSE
543,TRUE,TRUE,FALSE
544,TRUE,TRUE,TRUE
545,TRUE,TRUE,FALSE
546,TRUE,FALSE,FALSE
547,FALSE,FALSE,TRUE
548,TRUE,TRUE,FALSE
549,TRUE,TRUE,FALSE
550,TRUE,TRUE,FALSE
551,TRUE,TRUE,FALSE
552,TRUE,TRUE,FALSE
553,FALSE,FALSE,TRUE
554,TRUE,TRUE,FALSE
555,TRUE,TRUE,FALSE
556,FALSE,FALSE,TRUE
557,TRUE,TRUE,FALSE
558,TRUE,TRUE,TRUE
559,FALSE,FALSE,TRUE
560,TRUE,TRUE,FALSE
561,TRUE,TRUE,FALSE
562,TRUE,TRUE,FALSE
563,TRUE,TRUE,FALSE
564,TRUE,TRUE,FALSE
565,TRUE,TRUE,FALSE
566,FALSE,FALSE,FALSE
567,TRUE,TRUE,FALSE
568,FALSE,FALSE,TRUE
569,TRUE,TRUE,TRUE
570,TRUE,TRUE,TRUE
571,FALSE,FALSE,TRUE
572,TRUE,FALSE,TRUE
573,TRUE,FALSE,FALSE
574,TRUE,TRUE,FALSE
575,FALSE,FALSE,FALSE
576,TRUE,TRUE,FALSE
577,TRUE,TRUE,FALSE
578,TRUE,TRUE,FALSE
579,TRUE,TRUE,FALSE
580,TRUE,TRUE,FALSE
581,TRUE,TRUE,FALSE
582,FALSE,FALSE,FALSE
583,TRUE,TRUE,TRUE
584,TRUE,FALSE,TRUE
585,TRUE,TRUE,FALSE
586,TRUE,TRUE,TRUE
587,FALSE,FALSE,FALSE
588,FALSE,FALSE,FALSE
589,TRUE,TRUE,FALSE
590,FALSE,FALSE,FALSE
591,TRUE,TRUE,FALSE
592,TRUE,TRUE,FALSE
593,TRUE,TRUE,FALSE
594,TRUE,TRUE,TRUE
595,TRUE,TRUE,FALSE
596,TRUE,TRUE,FALSE
597,TRUE,TRUE,FALSE
598,TRUE,TRUE,FALSE
599,TRUE,TRUE,FALSE
600,TRUE,TRUE,FALSE
601,FALSE,FALSE,FALSE
602,TRUE,TRUE,FALSE
603,FALSE,FALSE,TRUE
604,FALSE,FALSE,FALSE
605,TRUE,TRUE,FALSE
606,FALSE,TRUE,FALSE
607,TRUE,TRUE,FALSE
608,TRUE,TRUE,FALSE
609,TRUE,TRUE,FALSE
610,TRUE,TRUE,FALSE
611,TRUE,TRUE,TRUE
612,TRUE,TRUE,TRUE
613,TRUE,TRUE,FALSE
614,FALSE,FALSE,FALSE
615,TRUE,TRUE,TRUE
616,TRUE,TRUE,FALSE
617,TRUE,TRUE,TRUE
618,TRUE,TRUE,TRUE
619,FALSE,TRUE,FALSE
620,TRUE,TRUE,FALSE
621,FALSE,FALSE,TRUE
622,TRUE,TRUE,FALSE
623,FALSE,FALSE,FALSE
624,TRUE,TRUE,FALSE
625,TRUE,FALSE,TRUE
626,TRUE,TRUE,FALSE
627,FALSE,FALSE,FALSE
628,TRUE,TRUE,FALSE
629,TRUE,TRUE,FALSE
630,TRUE,TRUE,FALSE
631,TRUE,TRUE,FALSE
632,TRUE,TRUE,FALSE
633,TRUE,TRUE,FALSE
634,TRUE,TRUE,FALSE
635,FALSE,FALSE,TRUE
636,TRUE,TRUE,TRUE
637,TRUE,TRUE,FALSE
638,TRUE,TRUE,TRUE
639,TRUE,TRUE,FALSE
640,FALSE,FALSE,TRUE
641,FALSE,FALSE,FALSE
642,TRUE,FALSE,FALSE
643,TRUE,TRUE,FALSE
644,TRUE,TRUE,FALSE
645,TRUE,TRUE,FALSE
646,FALSE,FALSE,TRUE
647,TRUE,TRUE,FALSE
648,TRUE,TRUE,FALSE
649,TRUE,TRUE,TRUE
650,TRUE,FALSE,TRUE
651,TRUE,TRUE,FALSE
652,TRUE,TRUE,TRUE
653,TRUE,TRUE,FALSE
654,TRUE,TRUE,FALSE
655,TRUE,TRUE,FALSE
656,TRUE,TRUE,FALSE
657,TRUE,TRUE,TRUE
658,FALSE,TRUE,FALSE
659,TRUE,TRUE,FALSE
660,TRUE,TRUE,FALSE
661,FALSE,FALSE,TRUE
662,TRUE,TRUE,FALSE
663,TRUE,TRUE,FALSE
664,TRUE,TRUE,FALSE
665,TRUE,TRUE,FALSE
666,TRUE,TRUE,FALSE
667,TRUE,TRUE,FALSE
668,TRUE,TRUE,FALSE
669,TRUE,TRUE,FALSE
670,TRUE,TRUE,FALSE
671,TRUE,TRUE,FALSE
672,TRUE,TRUE,FALSE
673,FALSE,FALSE,FALSE
674,TRUE,TRUE,FALSE
675,TRUE,TRUE,TRUE
676,TRUE,TRUE,FALSE
677,TRUE,TRUE,FALSE
678,TRUE,TRUE,FALSE
679,TRUE,TRUE,FALSE
680,TRUE,TRUE,FALSE
681,FALSE,FALSE,FALSE
682,FALSE,TRUE,TRUE
683,TRUE,TRUE,TRUE
684,TRUE,TRUE,TRUE
685,TRUE,TRUE,TRUE
686,TRUE,TRUE,FALSE
687,FALSE,TRUE,TRUE
688,TRUE,TRUE,FALSE
689,TRUE,TRUE,TRUE
690,TRUE,TRUE,FALSE
691,TRUE,TRUE,FALSE
692,FALSE,FALSE,TRUE
693,TRUE,TRUE,TRUE
694,TRUE,TRUE,FALSE
695,FALSE,FALSE,TRUE
696,FALSE,FALSE,TRUE
697,TRUE,TRUE,FALSE
698,TRUE,TRUE,TRUE
699,TRUE,TRUE,FALSE
700,TRUE,TRUE,TRUE
701,TRUE,TRUE,FALSE
702,TRUE,TRUE,TRUE
703,FALSE,FALSE,TRUE
704,TRUE,TRUE,FALSE
705,TRUE,TRUE,FALSE
706,TRUE,TRUE,TRUE
707,TRUE,TRUE,TRUE
708,TRUE,TRUE,TRUE
709,TRUE,TRUE,FALSE
710,TRUE,TRUE,TRUE
711,TRUE,TRUE,FALSE
712,TRUE,TRUE,TRUE
713,TRUE,TRUE,FALSE
714,TRUE,TRUE,TRUE
715,TRUE,TRUE,TRUE
716,TRUE,TRUE,FALSE
717,TRUE,TRUE,FALSE
718,TRUE,TRUE,FALSE
719,TRUE,TRUE,TRUE
720,TRUE,TRUE,TRUE
721,TRUE,TRUE,FALSE
722,TRUE,TRUE,TRUE
723,TRUE,TRUE,FALSE
724,FALSE,FALSE,FALSE
725,TRUE,TRUE,FALSE
726,TRUE,TRUE,FALSE
727,TRUE,TRUE,FALSE
728,FALSE,FALSE,TRUE
729,TRUE,TRUE,FALSE
730,FALSE,FALSE,FALSE
731,TRUE,TRUE,FALSE
732,TRUE,TRUE,FALSE
733,TRUE,TRUE,TRUE
734,TRUE,TRUE,FALSE
735,TRUE,TRUE,FALSE
736,TRUE,TRUE,FALSE
737,TRUE,TRUE,FALSE
738,TRUE,TRUE,FALSE
739,TRUE,TRUE,FALSE
740,TRUE,TRUE,FALSE
741,FALSE,FALSE,TRUE
742,TRUE,TRUE,TRUE
743,FALSE,FALSE,TRUE
744,TRUE,TRUE,TRUE
745,TRUE,TRUE,FALSE
746,FALSE,FALSE,TRUE
747,TRUE,TRUE,FALSE
748,TRUE,TRUE,FALSE
749,TRUE,TRUE,TRUE
750,TRUE,TRUE,FALSE
751,TRUE,TRUE,FALSE
752,TRUE,TRUE,TRUE
753,TRUE,TRUE,FALSE
754,TRUE,TRUE,TRUE
755,TRUE,TRUE,FALSE
756,TRUE,TRUE,FALSE
757,TRUE,TRUE,FALSE
758,FALSE,TRUE,FALSE
759,TRUE,TRUE,FALSE
760,FALSE,FALSE,FALSE
761,TRUE,FALSE,FALSE
762,TRUE,TRUE,FALSE
763,TRUE,TRUE,FALSE
764,FALSE,FALSE,FALSE
765,TRUE,TRUE,TRUE
766,TRUE,TRUE,FALSE
767,TRUE,TRUE,FALSE
768,TRUE,FALSE,FALSE
769,TRUE,TRUE,FALSE
770,TRUE,TRUE,FALSE
771,FALSE,FALSE,TRUE
772,TRUE,TRUE,FALSE
773,TRUE,TRUE,FALSE
774,FALSE,FALSE,TRUE
775,TRUE,TRUE,FALSE
776,TRUE,TRUE,TRUE
777,FALSE,FALSE,TRUE
778,TRUE,TRUE,FALSE
779,TRUE,TRUE,FALSE
780,TRUE,TRUE,FALSE
781,TRUE,TRUE,FALSE
782,FALSE,FALSE,FALSE
783,FALSE,FALSE,TRUE
784,TRUE,FALSE,TRUE
785,TRUE,TRUE,TRUE
786,TRUE,TRUE,FALSE
787,TRUE,TRUE,FALSE
788,TRUE,TRUE,FALSE
789,TRUE,TRUE,TRUE
790,TRUE,TRUE,TRUE
791,TRUE,TRUE,FALSE
792,TRUE,FALSE,FALSE
793,TRUE,TRUE,FALSE
794,FALSE,FALSE,FALSE
795,TRUE,TRUE,FALSE
796,TRUE,TRUE,FALSE
797,TRUE,TRUE,TRUE
798,TRUE,TRUE,FALSE
799,TRUE,TRUE,FALSE
800,TRUE,TRUE,FALSE
801,TRUE,TRUE,FALSE
802,TRUE,TRUE,FALSE
803,TRUE,TRUE,FALSE
804,TRUE,TRUE,FALSE
805,TRUE,TRUE,TRUE
806,TRUE,TRUE,FALSE
807,FALSE,FALSE,FALSE
808,TRUE,TRUE,FALSE
809,FALSE,FALSE,FALSE
810,TRUE,TRUE,FALSE
811,TRUE,TRUE,FALSE
812,TRUE,TRUE,FALSE
813,FALSE,FALSE,FALSE
814,TRUE,FALSE,FALSE
815,TRUE,TRUE,FALSE
816,FALSE,FALSE,FALSE
817,FALSE,FALSE,FALSE
818,TRUE,TRUE,FALSE
819,TRUE,TRUE,FALSE
820,TRUE,TRUE,TRUE
821,TRUE,TRUE,FALSE
822,TRUE,TRUE,FALSE
823,TRUE,TRUE,FALSE
824,TRUE,TRUE,TRUE
825,TRUE,TRUE,FALSE
826,TRUE,TRUE,FALSE
827,TRUE,TRUE,TRUE
828,FALSE,FALSE,FALSE
829,TRUE,TRUE,FALSE
830,TRUE,TRUE,TRUE
831,FALSE,FALSE,FALSE
832,TRUE,FALSE,FALSE
833,TRUE,TRUE,FALSE
834,FALSE,FALSE,FALSE
835,TRUE,TRUE,TRUE
836,TRUE,TRUE,TRUE
837,TRUE,TRUE,FALSE
838,TRUE,TRUE,TRUE
839,TRUE,TRUE,FALSE
840,FALSE,FALSE,FALSE
841,TRUE,TRUE,FALSE
842,FALSE,TRUE,FALSE
843,TRUE,TRUE,FALSE
844,FALSE,TRUE,FALSE
845,TRUE,TRUE,FALSE
846,FALSE,FALSE,TRUE
847,FALSE,TRUE,FALSE
848,TRUE,TRUE,FALSE
849,TRUE,TRUE,FALSE
850,TRUE,TRUE,FALSE
851,TRUE,TRUE,FALSE
852,TRUE,TRUE,FALSE
853,TRUE,TRUE,FALSE
854,FALSE,FALSE,TRUE
855,TRUE,TRUE,TRUE
856,TRUE,FALSE,FALSE
857,TRUE,TRUE,FALSE
858,TRUE,TRUE,FALSE
859,TRUE,TRUE,FALSE
860,TRUE,TRUE,FALSE
861,TRUE,TRUE,TRUE
862,TRUE,TRUE,FALSE
863,TRUE,TRUE,TRUE
864,FALSE,FALSE,TRUE
865,FALSE,FALSE,FALSE
866,FALSE,FALSE,FALSE
867,TRUE,TRUE,TRUE
868,TRUE,TRUE,FALSE
869,TRUE,TRUE,FALSE
870,FALSE,FALSE,TRUE
871,TRUE,TRUE,FALSE
872,FALSE,FALSE,TRUE
873,TRUE,TRUE,FALSE
874,TRUE,FALSE,TRUE
875,TRUE,FALSE,FALSE
876,TRUE,TRUE,FALSE
877,TRUE,TRUE,FALSE
878,TRUE,TRUE,FALSE
879,FALSE,FALSE,TRUE
880,TRUE,TRUE,FALSE
881,FALSE,FALSE,TRUE
882,TRUE,TRUE,FALSE
883,TRUE,FALSE,FALSE
884,TRUE,TRUE,FALSE
885,TRUE,TRUE,FALSE
886,TRUE,TRUE,FALSE
887,TRUE,TRUE,FALSE
888,FALSE,FALSE,TRUE
889,TRUE,TRUE,FALSE
890,TRUE,TRUE,FALSE
891,TRUE,TRUE,FALSE
892,TRUE,TRUE,FALSE
893,TRUE,TRUE,FALSE
894,TRUE,TRUE,FALSE
895,TRUE,TRUE,TRUE
896,TRUE,TRUE,TRUE
897,TRUE,FALSE,TRUE
898,TRUE,TRUE,FALSE
899,TRUE,TRUE,FALSE
900,FALSE,FALSE,FALSE
901,TRUE,TRUE,TRUE
902,TRUE,TRUE,FALSE
903,TRUE,TRUE,TRUE
904,FALSE,FALSE,FALSE
905,TRUE,TRUE,FALSE
906,TRUE,TRUE,FALSE
907,TRUE,TRUE,TRUE
908,TRUE,TRUE,TRUE
909,TRUE,TRUE,FALSE
910,FALSE,FALSE,FALSE
911,TRUE,TRUE,FALSE
912,TRUE,TRUE,FALSE
913,TRUE,TRUE,FALSE
914,TRUE,TRUE,FALSE
915,TRUE,TRUE,TRUE
916,TRUE,TRUE,FALSE
917,FALSE,FALSE,FALSE
918,FALSE,FALSE,FALSE
919,TRUE,TRUE,FALSE
920,TRUE,TRUE,FALSE
921,TRUE,TRUE,FALSE
922,TRUE,TRUE,FALSE
923,TRUE,TRUE,FALSE
924,FALSE,FALSE,FALSE
925,TRUE,TRUE,FALSE
926,TRUE,TRUE,FALSE
927,FALSE,FALSE,TRUE
928,TRUE,TRUE,FALSE
929,TRUE,TRUE,FALSE
930,TRUE,TRUE,FALSE
931,TRUE,TRUE,FALSE
932,TRUE,TRUE,FALSE
933,TRUE,TRUE,FALSE
934,TRUE,TRUE,FALSE
935,TRUE,FALSE,FALSE
936,TRUE,TRUE,TRUE
937,TRUE,TRUE,FALSE
938,TRUE,TRUE,FALSE
939,FALSE,FALSE,TRUE
940,TRUE,TRUE,FALSE
941,TRUE,TRUE,FALSE
942,FALSE,FALSE,FALSE
943,TRUE,TRUE,TRUE
944,TRUE,TRUE,FALSE
945,TRUE,TRUE,FALSE
946,TRUE,TRUE,FALSE
947,TRUE,TRUE,FALSE
948,TRUE,TRUE,FALSE
949,TRUE,TRUE,FALSE
950,TRUE,TRUE,FALSE
951,TRUE,TRUE,FALSE
952,TRUE,TRUE,FALSE
953,FALSE,TRUE,FALSE
954,FALSE,FALSE,FALSE
955,TRUE,TRUE,FALSE
956,TRUE,TRUE,FALSE
957,TRUE,TRUE,TRUE
958,TRUE,TRUE,FALSE
959,FALSE,FALSE,FALSE
960,TRUE,TRUE,FALSE
961,FALSE,FALSE,TRUE
962,TRUE,TRUE,FALSE
963,TRUE,TRUE,FALSE
964,TRUE,TRUE,TRUE
965,TRUE,TRUE,TRUE
966,FALSE,FALSE,FALSE
967,TRUE,TRUE,TRUE
968,TRUE,TRUE,FALSE
969,FALSE,FALSE,FALSE
970,TRUE,TRUE,FALSE
971,TRUE,TRUE,FALSE
972,TRUE,TRUE,FALSE
973,TRUE,TRUE,FALSE
974,TRUE,TRUE,TRUE
975,TRUE,TRUE,TRUE
976,TRUE,TRUE,FALSE
977,TRUE,TRUE,FALSE
978,TRUE,TRUE,FALSE
979,TRUE,TRUE,FALSE
980,TRUE,TRUE,TRUE
981,TRUE,TRUE,FALSE
982,TRUE,FALSE,TRUE
983,TRUE,TRUE,FALSE
984,TRUE,TRUE,TRUE
985,TRUE,TRUE,TRUE
986,TRUE,TRUE,FALSE
987,TRUE,TRUE,FALSE
988,TRUE,TRUE,TRUE
989,TRUE,TRUE,FALSE
990,TRUE,TRUE,FALSE
991,TRUE,FALSE,TRUE
992,TRUE,TRUE,FALSE
993,FALSE,FALSE,FALSE
994,FALSE,FALSE,TRUE
995,TRUE,TRUE,TRUE
996,FALSE,FALSE,FALSE
997,FALSE,FALSE,FALSE
998,FALSE,FALSE,FALSE
999,FALSE,FALSE,FALSE
1000,TRUE,TRUE,FALSE
1001,TRUE,TRUE,FALSE
1002,TRUE,TRUE,FALSE
1003,TRUE,TRUE,TRUE
1004,TRUE,TRUE,FALSE
1005,TRUE,TRUE,FALSE
1006,TRUE,TRUE,FALSE
1007,TRUE,TRUE,FALSE
1008,TRUE,TRUE,FALSE
1009,TRUE,TRUE,FALSE
1010,TRUE,TRUE,FALSE
1011,TRUE,TRUE,FALSE
1012,TRUE,TRUE,TRUE
1013,TRUE,TRUE,FALSE
1014,TRUE,FALSE,TRUE
1015,TRUE,TRUE,TRUE
1016,FALSE,FALSE,TRUE
1017,TRUE,TRUE,FALSE
1018,FALSE,FALSE,TRUE
1019,FALSE,FALSE,TRUE
1020,TRUE,TRUE,FALSE
1021,TRUE,TRUE,FALSE
1022,TRUE,TRUE,FALSE
1023,TRUE,TRUE,FALSE
1024,TRUE,FALSE,FALSE
1025,FALSE,FALSE,FALSE
1026,TRUE,TRUE,FALSE
1027,TRUE,TRUE,FALSE
1028,TRUE,TRUE,FALSE
1029,TRUE,TRUE,FALSE
1030,TRUE,TRUE,FALSE
1031,FALSE,FALSE,FALSE
1032,TRUE,TRUE,FALSE
1033,TRUE,TRUE,FALSE
1034,TRUE,TRUE,FALSE
1035,TRUE,TRUE,FALSE
1036,TRUE,TRUE,FALSE
1037,FALSE,FALSE,TRUE
1038,FALSE,FALSE,FALSE
1039,TRUE,TRUE,FALSE
1040,FALSE,FALSE,FALSE
1041,TRUE,TRUE,FALSE
1042,TRUE,TRUE,TRUE
1043,TRUE,TRUE,FALSE
1044,TRUE,TRUE,FALSE
1045,TRUE,TRUE,FALSE
1046,TRUE,FALSE,FALSE
1047,TRUE,TRUE,FALSE
1048,TRUE,TRUE,FALSE
1049,FALSE,TRUE,TRUE
1050,TRUE,TRUE,FALSE
1051,FALSE,FALSE,FALSE
1052,TRUE,TRUE,TRUE
1053,TRUE,TRUE,FALSE
1054,TRUE,TRUE,TRUE
1055,TRUE,TRUE,FALSE
1056,TRUE,TRUE,TRUE
1057,TRUE,TRUE,FALSE
1058,TRUE,TRUE,FALSE
