﻿slide_id,Tumour Type
1,Other type
2,Invasive ductal carcinoma
3,Invasive ductal carcinoma
4,Other type
5,Invasive ductal carcinoma
6,Invasive ductal carcinoma
7,Invasive ductal carcinoma
8,Invasive ductal carcinoma
9,Invasive ductal carcinoma
10,Invasive ductal carcinoma
11,Invasive ductal carcinoma
12,Invasive ductal carcinoma
13,Invasive ductal carcinoma
14,Invasive ductal carcinoma
15,Invasive ductal carcinoma
16,Invasive ductal carcinoma
17,Invasive ductal carcinoma
18,Invasive ductal carcinoma
19,Invasive ductal carcinoma
20,Invasive ductal carcinoma
21,Invasive ductal carcinoma
22,Invasive ductal carcinoma
23,Invasive ductal carcinoma
24,Invasive ductal carcinoma
25,Invasive ductal carcinoma
26,Invasive ductal carcinoma
27,Invasive ductal carcinoma
28,Invasive ductal carcinoma
29,Invasive ductal carcinoma
30,Invasive ductal carcinoma
31,Invasive ductal carcinoma
32,Invasive ductal carcinoma
33,Invasive ductal carcinoma
34,Invasive ductal carcinoma
35,Invasive ductal carcinoma
36,Invasive ductal carcinoma
37,Invasive ductal carcinoma
38,Invasive ductal carcinoma
39,Invasive ductal carcinoma
40,Invasive ductal carcinoma
41,Invasive ductal carcinoma
42,Invasive ductal carcinoma
43,Invasive ductal carcinoma
44,Invasive ductal carcinoma
45,Invasive ductal carcinoma
46,Invasive ductal carcinoma
47,Invasive lobular carcinoma
48,Invasive ductal carcinoma
49,Invasive ductal carcinoma
50,Other type
51,Invasive ductal carcinoma
52,Invasive ductal carcinoma
53,Invasive ductal carcinoma
54,Invasive ductal carcinoma
55,Invasive ductal carcinoma
56,Invasive ductal carcinoma
57,Invasive ductal carcinoma
58,Invasive ductal carcinoma
59,Invasive ductal carcinoma
60,Invasive ductal carcinoma
61,Invasive ductal carcinoma
62,Invasive ductal carcinoma
63,Invasive ductal carcinoma
64,Invasive ductal carcinoma
65,Other type
66,Invasive ductal carcinoma
67,Invasive ductal carcinoma
68,Invasive ductal carcinoma
69,Invasive ductal carcinoma
70,Invasive ductal carcinoma
71,Invasive ductal carcinoma
72,Other type
73,Invasive ductal carcinoma
74,Invasive ductal carcinoma
75,Invasive lobular carcinoma
76,Invasive ductal carcinoma
77,Invasive ductal carcinoma
78,Invasive ductal carcinoma
79,Invasive ductal carcinoma
80,Other type
81,Invasive ductal carcinoma
82,Invasive ductal carcinoma
83,Invasive ductal carcinoma
84,Invasive ductal carcinoma
85,Invasive ductal carcinoma
86,Invasive ductal carcinoma
87,Invasive ductal carcinoma
88,Invasive ductal carcinoma
89,Invasive ductal carcinoma
90,Invasive ductal carcinoma
91,Invasive ductal carcinoma
92,Invasive ductal carcinoma
93,Invasive ductal carcinoma
94,Invasive ductal carcinoma
95,Invasive ductal carcinoma
96,Invasive ductal carcinoma
97,Invasive ductal carcinoma
98,Invasive ductal carcinoma
99,Invasive ductal carcinoma
100,Invasive ductal carcinoma
101,Invasive ductal carcinoma
102,Invasive ductal carcinoma
103,Invasive ductal carcinoma
104,Invasive ductal carcinoma
105,Invasive ductal carcinoma
106,Invasive ductal carcinoma
107,Invasive ductal carcinoma
108,Invasive ductal carcinoma
109,Invasive ductal carcinoma
110,Invasive ductal carcinoma
111,Invasive lobular carcinoma
112,Invasive ductal carcinoma
113,Invasive ductal carcinoma
114,Invasive ductal carcinoma
115,Invasive ductal carcinoma
116,Invasive ductal carcinoma
117,Invasive ductal carcinoma
118,Invasive ductal carcinoma
119,Other type
120,Invasive ductal carcinoma
121,Invasive ductal carcinoma
122,Invasive ductal carcinoma
123,Invasive ductal carcinoma
124,Invasive ductal carcinoma
125,Invasive ductal carcinoma
126,Invasive ductal carcinoma
127,Invasive ductal carcinoma
128,Invasive ductal carcinoma
129,Invasive ductal carcinoma
130,Invasive ductal carcinoma
131,Invasive ductal carcinoma
132,Invasive ductal carcinoma
133,Other type
134,Invasive ductal carcinoma
135,Other type
136,Invasive ductal carcinoma
137,Invasive ductal carcinoma
138,Other type
139,Other type
140,Invasive lobular carcinoma
141,Invasive ductal carcinoma
142,Invasive ductal carcinoma
143,Invasive ductal carcinoma
144,Invasive ductal carcinoma
145,Invasive ductal carcinoma
146,Invasive ductal carcinoma
147,Invasive ductal carcinoma
148,Invasive ductal carcinoma
149,Invasive ductal carcinoma
150,Invasive ductal carcinoma
151,Invasive ductal carcinoma
152,Other type
153,Invasive ductal carcinoma
154,Invasive ductal carcinoma
155,Invasive ductal carcinoma
156,Invasive ductal carcinoma
157,Invasive ductal carcinoma
158,Other type
159,Invasive ductal carcinoma
160,Invasive ductal carcinoma
161,Invasive ductal carcinoma
162,Invasive ductal carcinoma
163,Other type
164,Invasive ductal carcinoma
165,Other type
166,Invasive ductal carcinoma
167,Invasive ductal carcinoma
168,Invasive ductal carcinoma
169,Invasive ductal carcinoma
170,Invasive ductal carcinoma
171,Invasive ductal carcinoma
172,Invasive ductal carcinoma
173,Invasive ductal carcinoma
174,Invasive ductal carcinoma
175,Invasive ductal carcinoma
176,Invasive ductal carcinoma
177,Invasive ductal carcinoma
178,Invasive ductal carcinoma
179,Invasive ductal carcinoma
180,Invasive ductal carcinoma
181,Invasive ductal carcinoma
182,Invasive ductal carcinoma
183,Invasive ductal carcinoma
184,Invasive ductal carcinoma
185,Invasive ductal carcinoma
186,Invasive ductal carcinoma
187,Invasive ductal carcinoma
188,Invasive ductal carcinoma
189,Invasive ductal carcinoma
190,Invasive ductal carcinoma
191,Invasive ductal carcinoma
192,Invasive ductal carcinoma
193,Invasive ductal carcinoma
194,Other type
195,Invasive ductal carcinoma
196,Invasive ductal carcinoma
197,Invasive ductal carcinoma
198,Invasive ductal carcinoma
199,Invasive ductal carcinoma
200,Invasive ductal carcinoma
201,Invasive ductal carcinoma
202,Invasive ductal carcinoma
203,Invasive ductal carcinoma
204,Invasive ductal carcinoma
205,Invasive ductal carcinoma
206,Invasive ductal carcinoma
207,Invasive ductal carcinoma
208,Invasive ductal carcinoma
209,Invasive ductal carcinoma
210,Invasive ductal carcinoma
211,Invasive ductal carcinoma
212,Invasive ductal carcinoma
213,Invasive ductal carcinoma
214,Other type
215,Invasive ductal carcinoma
216,Invasive ductal carcinoma
217,Invasive ductal carcinoma
218,Invasive ductal carcinoma
219,Invasive ductal carcinoma
220,Other type
221,Invasive ductal carcinoma
222,Invasive ductal carcinoma
223,Invasive ductal carcinoma
224,Invasive ductal carcinoma
225,Invasive ductal carcinoma
226,Invasive ductal carcinoma
227,Other type
228,Invasive ductal carcinoma
229,Invasive ductal carcinoma
230,Invasive ductal carcinoma
231,Invasive ductal carcinoma
232,Invasive ductal carcinoma
233,Invasive ductal carcinoma
234,Invasive ductal carcinoma
235,Invasive ductal carcinoma
236,Invasive ductal carcinoma
237,Invasive ductal carcinoma
238,Invasive ductal carcinoma
239,Invasive ductal carcinoma
240,Invasive ductal carcinoma
241,Invasive ductal carcinoma
242,Invasive ductal carcinoma
243,Invasive ductal carcinoma
244,Invasive ductal carcinoma
245,Invasive ductal carcinoma
246,Invasive ductal carcinoma
247,Invasive ductal carcinoma
248,Invasive ductal carcinoma
249,Invasive ductal carcinoma
250,Invasive ductal carcinoma
251,Invasive ductal carcinoma
252,Invasive ductal carcinoma
253,Invasive ductal carcinoma
254,Invasive ductal carcinoma
255,Invasive ductal carcinoma
256,Invasive ductal carcinoma
257,Invasive ductal carcinoma
258,Invasive ductal carcinoma
259,Invasive ductal carcinoma
260,Invasive ductal carcinoma
261,Invasive ductal carcinoma
262,Invasive ductal carcinoma
263,Invasive ductal carcinoma
264,Invasive lobular carcinoma
265,Invasive ductal carcinoma
266,Invasive ductal carcinoma
267,Invasive ductal carcinoma
268,Invasive ductal carcinoma
269,Invasive ductal carcinoma
270,Invasive ductal carcinoma
271,Invasive ductal carcinoma
272,Invasive ductal carcinoma
273,Invasive ductal carcinoma
274,Invasive ductal carcinoma
275,Invasive ductal carcinoma
276,Invasive ductal carcinoma
277,Invasive ductal carcinoma
278,Invasive ductal carcinoma
279,Other type
280,Invasive ductal carcinoma
281,Invasive ductal carcinoma
282,Invasive ductal carcinoma
283,Invasive ductal carcinoma
284,Invasive ductal carcinoma
285,Invasive ductal carcinoma
286,Invasive ductal carcinoma
287,Invasive ductal carcinoma
288,Invasive ductal carcinoma
289,Invasive ductal carcinoma
290,Invasive ductal carcinoma
291,Invasive ductal carcinoma
292,Invasive ductal carcinoma
293,Invasive ductal carcinoma
294,Invasive ductal carcinoma
295,Invasive ductal carcinoma
296,Invasive ductal carcinoma
297,Invasive ductal carcinoma
298,Invasive ductal carcinoma
299,Invasive ductal carcinoma
300,Invasive ductal carcinoma
301,Invasive ductal carcinoma
302,Invasive ductal carcinoma
303,Invasive ductal carcinoma
304,Invasive ductal carcinoma
305,Invasive ductal carcinoma
306,Invasive ductal carcinoma
307,Invasive ductal carcinoma
308,Invasive ductal carcinoma
309,Invasive ductal carcinoma
310,Invasive ductal carcinoma
311,Invasive ductal carcinoma
312,Other type
313,Invasive ductal carcinoma
314,Invasive ductal carcinoma
315,Invasive ductal carcinoma
316,Invasive ductal carcinoma
317,Invasive ductal carcinoma
318,Invasive ductal carcinoma
319,Other type
320,Invasive ductal carcinoma
321,Invasive ductal carcinoma
322,Other type
323,Invasive ductal carcinoma
324,Invasive ductal carcinoma
325,Invasive ductal carcinoma
326,Invasive ductal carcinoma
327,Invasive ductal carcinoma
328,Invasive ductal carcinoma
329,Invasive ductal carcinoma
330,Invasive ductal carcinoma
331,Invasive ductal carcinoma
332,Invasive ductal carcinoma
333,Invasive ductal carcinoma
334,Invasive ductal carcinoma
335,Invasive ductal carcinoma
336,Invasive ductal carcinoma
337,Invasive ductal carcinoma
338,Invasive ductal carcinoma
339,Invasive ductal carcinoma
340,Invasive ductal carcinoma
341,Invasive ductal carcinoma
342,Invasive ductal carcinoma
343,Invasive ductal carcinoma
344,Invasive ductal carcinoma
345,Invasive ductal carcinoma
346,Other type
347,Invasive ductal carcinoma
348,Invasive ductal carcinoma
349,Invasive ductal carcinoma
350,Invasive ductal carcinoma
351,Invasive ductal carcinoma
352,Invasive ductal carcinoma
353,Invasive ductal carcinoma
354,Invasive ductal carcinoma
355,Invasive ductal carcinoma
356,Invasive ductal carcinoma
357,Invasive ductal carcinoma
358,Invasive ductal carcinoma
359,Invasive ductal carcinoma
360,Invasive ductal carcinoma
361,Invasive ductal carcinoma
362,Invasive ductal carcinoma
363,Other type
364,Invasive ductal carcinoma
365,Invasive ductal carcinoma
366,Invasive lobular carcinoma
367,Invasive ductal carcinoma
368,Invasive ductal carcinoma
369,Invasive ductal carcinoma
370,Other type
371,Invasive ductal carcinoma
372,Invasive ductal carcinoma
373,Invasive ductal carcinoma
374,Invasive ductal carcinoma
375,Invasive ductal carcinoma
376,Invasive lobular carcinoma
377,Invasive ductal carcinoma
378,Invasive ductal carcinoma
379,Invasive ductal carcinoma
380,Invasive ductal carcinoma
381,Invasive ductal carcinoma
382,Invasive ductal carcinoma
383,Invasive ductal carcinoma
384,Invasive ductal carcinoma
385,Invasive ductal carcinoma
386,Invasive ductal carcinoma
387,Invasive ductal carcinoma
388,Invasive ductal carcinoma
389,Invasive ductal carcinoma
390,Invasive ductal carcinoma
391,Invasive ductal carcinoma
392,Invasive ductal carcinoma
393,Invasive ductal carcinoma
394,Invasive ductal carcinoma
395,Invasive ductal carcinoma
396,Invasive ductal carcinoma
397,Invasive ductal carcinoma
398,Invasive ductal carcinoma
399,Invasive ductal carcinoma
400,Invasive ductal carcinoma
401,Invasive ductal carcinoma
402,Invasive ductal carcinoma
403,Invasive ductal carcinoma
404,Invasive ductal carcinoma
405,Invasive ductal carcinoma
406,Invasive ductal carcinoma
407,Invasive ductal carcinoma
408,Invasive ductal carcinoma
409,Invasive ductal carcinoma
410,Invasive ductal carcinoma
411,Invasive ductal carcinoma
412,Invasive ductal carcinoma
413,Invasive ductal carcinoma
414,Invasive ductal carcinoma
415,Other type
416,Invasive ductal carcinoma
417,Invasive ductal carcinoma
418,Invasive ductal carcinoma
419,Invasive ductal carcinoma
420,Invasive ductal carcinoma
421,Other type
422,Invasive ductal carcinoma
423,Invasive ductal carcinoma
424,Invasive ductal carcinoma
425,Invasive ductal carcinoma
426,Invasive ductal carcinoma
427,Invasive ductal carcinoma
428,Invasive ductal carcinoma
429,Invasive lobular carcinoma
430,Invasive ductal carcinoma
431,Invasive ductal carcinoma
432,Invasive ductal carcinoma
433,Invasive ductal carcinoma
434,Invasive ductal carcinoma
435,Invasive ductal carcinoma
436,Invasive ductal carcinoma
437,Invasive ductal carcinoma
438,Invasive ductal carcinoma
439,Invasive ductal carcinoma
440,Invasive ductal carcinoma
441,Invasive ductal carcinoma
442,Invasive ductal carcinoma
443,Invasive ductal carcinoma
444,Invasive ductal carcinoma
445,Invasive ductal carcinoma
446,Invasive ductal carcinoma
447,Invasive ductal carcinoma
448,Invasive ductal carcinoma
449,Invasive ductal carcinoma
450,Invasive ductal carcinoma
451,Invasive ductal carcinoma
452,Invasive ductal carcinoma
453,Invasive ductal carcinoma
454,Invasive ductal carcinoma
455,Invasive ductal carcinoma
456,Invasive ductal carcinoma
457,Invasive ductal carcinoma
458,Invasive ductal carcinoma
459,Invasive ductal carcinoma
460,Invasive ductal carcinoma
461,Invasive ductal carcinoma
462,Invasive ductal carcinoma
463,Other type
464,Invasive ductal carcinoma
465,Invasive ductal carcinoma
466,Invasive ductal carcinoma
467,Invasive ductal carcinoma
468,Invasive ductal carcinoma
469,Invasive ductal carcinoma
470,Invasive ductal carcinoma
471,Invasive ductal carcinoma
472,Invasive ductal carcinoma
473,Other type
474,Invasive ductal carcinoma
475,Invasive ductal carcinoma
476,Invasive ductal carcinoma
477,Invasive ductal carcinoma
478,Invasive ductal carcinoma
479,Invasive ductal carcinoma
480,Invasive ductal carcinoma
481,Invasive ductal carcinoma
482,Invasive ductal carcinoma
483,Invasive ductal carcinoma
484,Invasive ductal carcinoma
485,Invasive ductal carcinoma
486,Invasive ductal carcinoma
487,Invasive ductal carcinoma
488,Invasive ductal carcinoma
489,Invasive lobular carcinoma
490,Invasive ductal carcinoma
491,Invasive ductal carcinoma
492,Invasive ductal carcinoma
493,Invasive ductal carcinoma
494,Invasive ductal carcinoma
495,Invasive ductal carcinoma
496,Invasive ductal carcinoma
497,Invasive ductal carcinoma
498,Invasive ductal carcinoma
499,Invasive ductal carcinoma
500,Invasive ductal carcinoma
501,Invasive ductal carcinoma
502,Invasive ductal carcinoma
503,Invasive ductal carcinoma
504,Invasive ductal carcinoma
505,Invasive ductal carcinoma
506,Invasive ductal carcinoma
507,Invasive ductal carcinoma
508,Invasive ductal carcinoma
509,Other type
510,Invasive ductal carcinoma
511,Invasive ductal carcinoma
512,Invasive ductal carcinoma
513,Other type
514,Invasive ductal carcinoma
515,Invasive ductal carcinoma
516,Invasive ductal carcinoma
517,Invasive ductal carcinoma
518,Invasive ductal carcinoma
519,Invasive ductal carcinoma
520,Invasive ductal carcinoma
521,Invasive ductal carcinoma
522,Invasive ductal carcinoma
523,Invasive ductal carcinoma
524,Invasive ductal carcinoma
525,Other type
526,Invasive ductal carcinoma
527,Invasive ductal carcinoma
528,Invasive ductal carcinoma
529,Invasive ductal carcinoma
530,Invasive ductal carcinoma
531,Invasive ductal carcinoma
532,Invasive ductal carcinoma
533,Invasive ductal carcinoma
534,Invasive ductal carcinoma
535,Invasive ductal carcinoma
536,Invasive ductal carcinoma
537,Invasive ductal carcinoma
538,Invasive ductal carcinoma
539,Invasive ductal carcinoma
540,Invasive ductal carcinoma
541,Invasive ductal carcinoma
542,Invasive ductal carcinoma
543,Invasive ductal carcinoma
544,Invasive ductal carcinoma
545,Invasive ductal carcinoma
546,Invasive ductal carcinoma
547,Invasive ductal carcinoma
548,Invasive ductal carcinoma
549,Invasive ductal carcinoma
550,Invasive ductal carcinoma
551,Invasive lobular carcinoma
552,Invasive ductal carcinoma
553,Invasive ductal carcinoma
554,Other type
555,Invasive ductal carcinoma
556,Invasive ductal carcinoma
557,Invasive ductal carcinoma
558,Invasive ductal carcinoma
559,Invasive ductal carcinoma
560,Invasive ductal carcinoma
561,Invasive ductal carcinoma
562,Invasive ductal carcinoma
563,Invasive ductal carcinoma
564,Other type
565,Invasive ductal carcinoma
566,Invasive ductal carcinoma
567,Invasive ductal carcinoma
568,Invasive ductal carcinoma
569,Invasive ductal carcinoma
570,Invasive ductal carcinoma
571,Invasive ductal carcinoma
572,Invasive ductal carcinoma
573,Invasive ductal carcinoma
574,Invasive ductal carcinoma
575,Invasive ductal carcinoma
576,Invasive ductal carcinoma
577,Invasive ductal carcinoma
578,Invasive lobular carcinoma
579,Invasive ductal carcinoma
580,Invasive ductal carcinoma
581,Invasive ductal carcinoma
582,Invasive ductal carcinoma
583,Invasive ductal carcinoma
584,Invasive ductal carcinoma
585,Invasive ductal carcinoma
586,Invasive ductal carcinoma
587,Invasive ductal carcinoma
588,Invasive ductal carcinoma
589,Invasive ductal carcinoma
590,Invasive ductal carcinoma
591,Invasive ductal carcinoma
592,Invasive ductal carcinoma
593,Other type
594,Invasive ductal carcinoma
595,Invasive ductal carcinoma
596,Invasive ductal carcinoma
597,Invasive ductal carcinoma
598,Invasive ductal carcinoma
599,Invasive ductal carcinoma
600,Invasive ductal carcinoma
601,Invasive ductal carcinoma
602,Other type
603,Invasive ductal carcinoma
604,Other type
605,Invasive ductal carcinoma
606,Invasive ductal carcinoma
607,Other type
608,Invasive ductal carcinoma
609,Invasive ductal carcinoma
610,Invasive ductal carcinoma
611,Invasive ductal carcinoma
612,Invasive ductal carcinoma
613,Invasive ductal carcinoma
614,Invasive ductal carcinoma
615,Invasive ductal carcinoma
616,Other type
617,Invasive ductal carcinoma
618,Invasive ductal carcinoma
619,Invasive ductal carcinoma
620,Invasive ductal carcinoma
621,Invasive ductal carcinoma
622,Invasive ductal carcinoma
623,Invasive ductal carcinoma
624,Invasive ductal carcinoma
625,Invasive ductal carcinoma
626,Invasive ductal carcinoma
627,Invasive ductal carcinoma
628,Invasive lobular carcinoma
629,Invasive ductal carcinoma
630,Invasive ductal carcinoma
631,Invasive ductal carcinoma
632,Invasive ductal carcinoma
633,Invasive ductal carcinoma
634,Invasive ductal carcinoma
635,Invasive ductal carcinoma
636,Invasive ductal carcinoma
637,Invasive ductal carcinoma
638,Invasive ductal carcinoma
639,Invasive ductal carcinoma
640,Invasive ductal carcinoma
641,Other type
642,Invasive ductal carcinoma
643,Invasive ductal carcinoma
644,Invasive ductal carcinoma
645,Invasive lobular carcinoma
646,Invasive ductal carcinoma
647,Invasive ductal carcinoma
648,Invasive ductal carcinoma
649,Invasive ductal carcinoma
650,Invasive lobular carcinoma
651,Invasive ductal carcinoma
652,Invasive ductal carcinoma
653,Invasive ductal carcinoma
654,Invasive ductal carcinoma
655,Invasive ductal carcinoma
656,Other type
657,Invasive ductal carcinoma
658,Invasive ductal carcinoma
659,Invasive ductal carcinoma
660,Other type
661,Invasive ductal carcinoma
662,Invasive ductal carcinoma
663,Invasive ductal carcinoma
664,Other type
665,Invasive ductal carcinoma
666,Invasive ductal carcinoma
667,Invasive ductal carcinoma
668,Invasive ductal carcinoma
669,Invasive ductal carcinoma
670,Other type
671,Invasive ductal carcinoma
672,Invasive ductal carcinoma
673,Invasive ductal carcinoma
674,Invasive ductal carcinoma
675,Invasive ductal carcinoma
676,Other type
677,Other type
678,Invasive ductal carcinoma
679,Invasive ductal carcinoma
680,Invasive ductal carcinoma
681,Invasive ductal carcinoma
682,Invasive ductal carcinoma
683,Invasive ductal carcinoma
684,Invasive ductal carcinoma
685,Invasive ductal carcinoma
686,Invasive ductal carcinoma
687,Invasive ductal carcinoma
688,Invasive ductal carcinoma
689,Invasive ductal carcinoma
690,Invasive ductal carcinoma
691,Invasive ductal carcinoma
692,Invasive ductal carcinoma
693,Invasive ductal carcinoma
694,Invasive ductal carcinoma
695,Invasive ductal carcinoma
696,Other type
697,Invasive ductal carcinoma
698,Invasive ductal carcinoma
699,Other type
700,Invasive ductal carcinoma
701,Invasive lobular carcinoma
702,Invasive ductal carcinoma
703,Invasive ductal carcinoma
704,Invasive ductal carcinoma
705,Invasive ductal carcinoma
706,Invasive ductal carcinoma
707,Invasive ductal carcinoma
708,Invasive ductal carcinoma
709,Invasive ductal carcinoma
710,Invasive ductal carcinoma
711,Invasive ductal carcinoma
712,Invasive ductal carcinoma
713,Invasive ductal carcinoma
714,Invasive ductal carcinoma
715,Invasive ductal carcinoma
716,Invasive ductal carcinoma
717,Invasive ductal carcinoma
718,Invasive ductal carcinoma
719,Invasive ductal carcinoma
720,Invasive ductal carcinoma
721,Invasive ductal carcinoma
722,Invasive ductal carcinoma
723,Invasive ductal carcinoma
724,Other type
725,Invasive ductal carcinoma
726,Invasive ductal carcinoma
727,Invasive ductal carcinoma
728,Invasive ductal carcinoma
729,Invasive ductal carcinoma
730,Invasive ductal carcinoma
731,Invasive ductal carcinoma
732,Invasive ductal carcinoma
733,Invasive ductal carcinoma
734,Other type
735,Invasive ductal carcinoma
736,Invasive ductal carcinoma
737,Invasive ductal carcinoma
738,Invasive ductal carcinoma
739,Other type
740,Invasive ductal carcinoma
741,Invasive ductal carcinoma
742,Invasive ductal carcinoma
743,Invasive ductal carcinoma
744,Other type
745,Invasive ductal carcinoma
746,Invasive ductal carcinoma
747,Invasive ductal carcinoma
748,Invasive ductal carcinoma
749,Invasive ductal carcinoma
750,Invasive ductal carcinoma
751,Invasive ductal carcinoma
752,Invasive ductal carcinoma
753,Invasive ductal carcinoma
754,Invasive ductal carcinoma
755,Invasive ductal carcinoma
756,Invasive ductal carcinoma
757,Invasive ductal carcinoma
758,Invasive ductal carcinoma
759,Other type
760,Invasive ductal carcinoma
761,Invasive ductal carcinoma
762,Invasive ductal carcinoma
763,Invasive ductal carcinoma
764,Invasive ductal carcinoma
765,Invasive ductal carcinoma
766,Invasive lobular carcinoma
767,Invasive ductal carcinoma
768,Invasive ductal carcinoma
769,Invasive ductal carcinoma
770,Invasive ductal carcinoma
771,Invasive ductal carcinoma
772,Invasive ductal carcinoma
773,Invasive ductal carcinoma
774,Invasive ductal carcinoma
775,Invasive ductal carcinoma
776,Invasive ductal carcinoma
777,Invasive ductal carcinoma
778,Invasive ductal carcinoma
779,Invasive ductal carcinoma
780,Invasive ductal carcinoma
781,Invasive ductal carcinoma
782,Invasive ductal carcinoma
783,Invasive ductal carcinoma
784,Invasive ductal carcinoma
785,Invasive ductal carcinoma
786,Invasive ductal carcinoma
787,Invasive ductal carcinoma
788,Invasive ductal carcinoma
789,Invasive ductal carcinoma
790,Other type
791,Other type
792,Invasive ductal carcinoma
793,Invasive ductal carcinoma
794,Invasive ductal carcinoma
795,Invasive ductal carcinoma
796,Invasive ductal carcinoma
797,Invasive ductal carcinoma
798,Invasive ductal carcinoma
799,Invasive ductal carcinoma
800,Invasive ductal carcinoma
801,Invasive ductal carcinoma
802,Invasive ductal carcinoma
803,Other type
804,Invasive ductal carcinoma
805,Invasive ductal carcinoma
806,Invasive ductal carcinoma
807,Invasive ductal carcinoma
808,Other type
809,Other type
810,Invasive ductal carcinoma
811,Invasive ductal carcinoma
812,Invasive ductal carcinoma
813,Invasive ductal carcinoma
814,Invasive ductal carcinoma
815,Invasive lobular carcinoma
816,Invasive ductal carcinoma
817,Invasive ductal carcinoma
818,Other type
819,Invasive ductal carcinoma
820,Invasive ductal carcinoma
821,Invasive ductal carcinoma
822,Invasive ductal carcinoma
823,Other type
824,Other type
825,Invasive ductal carcinoma
826,Invasive ductal carcinoma
827,Invasive ductal carcinoma
828,Invasive ductal carcinoma
829,Invasive ductal carcinoma
830,Invasive ductal carcinoma
831,Invasive ductal carcinoma
832,Invasive ductal carcinoma
833,Other type
834,Invasive ductal carcinoma
835,Invasive ductal carcinoma
836,Invasive ductal carcinoma
837,Invasive ductal carcinoma
838,Invasive ductal carcinoma
839,Invasive ductal carcinoma
840,Invasive ductal carcinoma
841,Invasive ductal carcinoma
842,Invasive ductal carcinoma
843,Invasive ductal carcinoma
844,Invasive ductal carcinoma
845,Invasive lobular carcinoma
846,Invasive ductal carcinoma
847,Invasive ductal carcinoma
848,Invasive ductal carcinoma
849,Invasive ductal carcinoma
850,Other type
851,Invasive ductal carcinoma
852,Invasive lobular carcinoma
853,Invasive ductal carcinoma
854,Invasive ductal carcinoma
855,Invasive ductal carcinoma
856,Invasive ductal carcinoma
857,Invasive ductal carcinoma
858,Invasive lobular carcinoma
859,Invasive ductal carcinoma
860,Invasive ductal carcinoma
861,Invasive ductal carcinoma
862,Invasive ductal carcinoma
863,Invasive ductal carcinoma
864,Invasive ductal carcinoma
865,Invasive ductal carcinoma
866,Invasive ductal carcinoma
867,Invasive ductal carcinoma
868,Invasive ductal carcinoma
869,Invasive ductal carcinoma
870,Invasive ductal carcinoma
871,Invasive ductal carcinoma
872,Invasive ductal carcinoma
873,Other type
874,Invasive ductal carcinoma
875,Invasive ductal carcinoma
876,Invasive ductal carcinoma
877,Invasive ductal carcinoma
878,Invasive ductal carcinoma
879,Invasive ductal carcinoma
880,Invasive ductal carcinoma
881,Invasive ductal carcinoma
882,Invasive lobular carcinoma
883,Invasive ductal carcinoma
884,Invasive ductal carcinoma
885,Invasive ductal carcinoma
886,Invasive ductal carcinoma
887,Invasive ductal carcinoma
888,Invasive ductal carcinoma
889,Invasive ductal carcinoma
890,Invasive ductal carcinoma
891,Invasive ductal carcinoma
892,Invasive ductal carcinoma
893,Invasive ductal carcinoma
894,Invasive ductal carcinoma
895,Invasive ductal carcinoma
896,Invasive ductal carcinoma
897,Invasive ductal carcinoma
898,Invasive ductal carcinoma
899,Invasive ductal carcinoma
900,Invasive ductal carcinoma
901,Invasive ductal carcinoma
902,Invasive ductal carcinoma
903,Invasive ductal carcinoma
904,Invasive ductal carcinoma
905,Invasive ductal carcinoma
906,Invasive ductal carcinoma
907,Invasive ductal carcinoma
908,Invasive ductal carcinoma
909,Invasive ductal carcinoma
910,Invasive ductal carcinoma
911,Invasive ductal carcinoma
912,Invasive ductal carcinoma
913,Invasive ductal carcinoma
914,Invasive ductal carcinoma
915,Invasive ductal carcinoma
916,Invasive ductal carcinoma
917,Invasive ductal carcinoma
918,Other type
919,Invasive ductal carcinoma
920,Other type
921,Invasive ductal carcinoma
922,Invasive ductal carcinoma
923,Invasive ductal carcinoma
924,Invasive ductal carcinoma
925,Invasive ductal carcinoma
926,Invasive ductal carcinoma
927,Invasive ductal carcinoma
928,Invasive ductal carcinoma
929,Invasive ductal carcinoma
930,Invasive ductal carcinoma
931,Invasive ductal carcinoma
932,Invasive ductal carcinoma
933,Invasive ductal carcinoma
934,Other type
935,Invasive ductal carcinoma
936,Invasive ductal carcinoma
937,Invasive ductal carcinoma
938,Invasive ductal carcinoma
939,Invasive ductal carcinoma
940,Invasive ductal carcinoma
941,Other type
942,Other type
943,Invasive ductal carcinoma
944,Invasive ductal carcinoma
945,Invasive ductal carcinoma
946,Invasive lobular carcinoma
947,Invasive ductal carcinoma
948,Invasive ductal carcinoma
949,Invasive ductal carcinoma
950,Invasive ductal carcinoma
951,Invasive ductal carcinoma
952,Invasive ductal carcinoma
953,Invasive ductal carcinoma
954,Invasive ductal carcinoma
955,Invasive ductal carcinoma
956,Invasive ductal carcinoma
957,Invasive ductal carcinoma
958,Invasive ductal carcinoma
959,Invasive ductal carcinoma
960,Invasive ductal carcinoma
961,Invasive ductal carcinoma
962,Invasive ductal carcinoma
963,Invasive ductal carcinoma
964,Invasive ductal carcinoma
965,Invasive ductal carcinoma
966,Other type
967,Invasive ductal carcinoma
968,Invasive ductal carcinoma
969,Invasive ductal carcinoma
970,Invasive ductal carcinoma
971,Invasive ductal carcinoma
972,Invasive ductal carcinoma
973,Invasive ductal carcinoma
974,Invasive ductal carcinoma
975,Invasive ductal carcinoma
976,Invasive ductal carcinoma
977,Invasive ductal carcinoma
978,Invasive ductal carcinoma
979,Invasive ductal carcinoma
980,Invasive ductal carcinoma
981,Invasive ductal carcinoma
982,Invasive ductal carcinoma
983,Invasive lobular carcinoma
984,Invasive ductal carcinoma
985,Invasive ductal carcinoma
986,Invasive ductal carcinoma
987,Invasive ductal carcinoma
988,Invasive ductal carcinoma
989,Invasive ductal carcinoma
990,Invasive ductal carcinoma
991,Invasive ductal carcinoma
992,Invasive ductal carcinoma
993,Invasive ductal carcinoma
994,Invasive ductal carcinoma
995,Invasive ductal carcinoma
996,Other type
997,Invasive ductal carcinoma
998,Invasive ductal carcinoma
999,Invasive ductal carcinoma
1000,Invasive ductal carcinoma
1001,Invasive ductal carcinoma
1002,Invasive ductal carcinoma
1003,Invasive ductal carcinoma
1004,Invasive ductal carcinoma
1005,Invasive lobular carcinoma
1006,Invasive ductal carcinoma
1007,Invasive ductal carcinoma
1008,Invasive ductal carcinoma
1009,Invasive ductal carcinoma
1010,Invasive ductal carcinoma
1011,Invasive ductal carcinoma
1012,Invasive ductal carcinoma
1013,Invasive ductal carcinoma
1014,Invasive ductal carcinoma
1015,Invasive ductal carcinoma
1016,Invasive ductal carcinoma
1017,Invasive ductal carcinoma
1018,Invasive ductal carcinoma
1019,Invasive ductal carcinoma
1020,Invasive ductal carcinoma
1021,Invasive ductal carcinoma
1022,Invasive ductal carcinoma
1023,Invasive ductal carcinoma
1024,Invasive ductal carcinoma
1025,Invasive ductal carcinoma
1026,Invasive ductal carcinoma
1027,Invasive ductal carcinoma
1028,Invasive ductal carcinoma
1029,Invasive ductal carcinoma
1030,Invasive ductal carcinoma
1031,Invasive ductal carcinoma
1032,Invasive ductal carcinoma
1033,Invasive ductal carcinoma
1034,Invasive ductal carcinoma
1035,Invasive ductal carcinoma
1036,Other type
1037,Invasive ductal carcinoma
1038,Other type
1039,Invasive ductal carcinoma
1040,Invasive ductal carcinoma
1041,Invasive ductal carcinoma
1042,Invasive ductal carcinoma
1043,Invasive ductal carcinoma
1044,Invasive ductal carcinoma
1045,Invasive ductal carcinoma
1046,Invasive lobular carcinoma
1047,Other type
1048,Invasive ductal carcinoma
1049,Invasive ductal carcinoma
1050,Invasive ductal carcinoma
1051,Invasive ductal carcinoma
1052,Invasive ductal carcinoma
1053,Invasive ductal carcinoma
1054,Invasive ductal carcinoma
1055,Other type
1056,Invasive ductal carcinoma
1057,Invasive ductal carcinoma
1058,Invasive ductal carcinoma
