﻿slide_id,AJCC Pathologic Stage
01BR001-be37f1f7-2f98-4f74-bc04-6dd2ae2afcad,Stage IIB
01BR015-54e89878-a1bc-4f5a-9d68-4842a469586e,Stage IIB
01BR017-a1c7b7b9-b8c8-48c3-9420-55497f9318fd,Stage III
01BR018-ce3c8b98-e275-4cfd-a379-940d675a564b,Stage IIIA
01BR025-afae8dce-294a-4108-bb28-376f804ae5c4,Stage IIIA
01BR027-f6157b6e-e5c7-480a-bdc6-62f7d36a649c,Stage IIA
01BR030-9b82dcc2-d132-48ed-8527-1a54dbb9dbe8,Stage IIIA
01BR031-717b4704-523e-4b75-8bc9-24dde2812c8e,Stage III
01BR032-a701a3bb-aaa6-41a3-9e38-d1472d39eb21,Stage IIIB
01BR033-975fdd59-bcd8-4eff-a040-b9c68ebf88b5,Stage III
01BR040-1f6f6c63-1202-4b8c-9b13-f27f9022d556,Stage IIB
01BR042-8afe366c-aa0a-435d-ad3f-f82910b447fc,Stage II
01BR043-59b8a334-51b4-46f6-868d-c420aaa0eafb,Stage II
01BR044-f2752dae-cad9-486d-95cf-dcbde49936ea,Stage III
03BR002-d550ffeb-5655-4f30-9437-4374c8ea38d1,Stage IIIA
03BR004-19b12db3-4dfd-494e-bf60-38d91a7cbad4,Stage IIB
03BR005-2ab368b4-f003-4781-866e-52f6a4e65a76,Stage IIA
03BR006-a8792151-962d-4fd8-ac94-2761a52d9406,Stage IIA
03BR010-83753d99-9074-4fd1-b37d-a2092aeb071a,Stage IIA
03BR011-4b355c1d-4202-4291-93ec-7882e702bd20,Stage IIIA
03BR012-669f883d-1653-475e-9014-68289c12571d,Stage IIIA
03BR013-771110e5-c366-4ace-bdd3-a3453e01f6a7,Stage IIA
05BR001-019424bc-fca2-4e61-b272-b0bf0acc4c04,Stage IIB
05BR003-67b32dea-a1e5-4054-b736-cad3905ac795,Stage IIB
05BR005-6870f4c7-9a54-4e57-aaa8-08d7e40ece2f,Stage IA
05BR009-aca05259-4b08-413b-a118-9520ccc5a3b4,Stage IIIC
05BR016-152f9e71-a437-4a4b-8c58-3ffcda41904b,Stage IIB
05BR026-2af3bcd7-505f-4352-9862-8f5f45aa3e63,Stage IIA
05BR029-195089d6-f4c3-4c07-8409-40bb7c2626d8,Stage IIA
05BR031-8ed0c11f-83c8-43c0-b85d-b6ecfe9d9d50,Stage IIIA
05BR038-eb48f7f4-e0a2-4edc-ae4d-c1976e6a6331,Stage IA
05BR042-4ef2b643-d21d-425c-964c-1d182d8ce53d,Stage IIB
05BR043-d89c0960-7290-4f05-a7d9-4b9e1826fc0a,Stage IIB
05BR044-aa2186de-7030-4ffd-b7c5-66c6c9cd15c4,Stage IIB
05BR045-9ac281b9-012c-42d8-a551-fc89f7d0e352,Stage IIA
05BR051-663e72e4-86d4-4723-a164-6b412ddb002b,Stage IA
05BR052-7d590355-3ed0-47d4-b300-8ae79e950463,Stage IA
05BR055-462eb01a-81c9-4f6b-b88b-71898c412a6a,Stage IA
05BR058-3db258bb-3e47-4fec-9aef-2352d3c232ed,Stage IIA
06BR003-27e868aa-dbf2-42b3-889d-72f17787b965,Stage IIA
06BR005-dce11427-271c-4428-b1ed-a4dfc993d84a,Stage IIA
06BR014-f603ce39-4669-4b91-b3ab-41afb51d3f6c,Stage IIB
09BR004-0ca5d41e-1cd3-4cae-a83e-edfcac4f060f,Stage IIA
09BR005-7212d772-6938-4a6d-b7d1-a58c191ac88c,Stage IIB
09BR007-62282c3f-ead2-4c5f-bcc3-e4a69f7de242,Stage IIIA
11BR003-328f0b4d-49ef-4295-9560-aa1909118397,Stage IIA
11BR004-7f0a6ddd-1585-4fd6-afe5-ad11b4b4041a,Stage IIA
11BR006-1cc8a9c8-d8f6-4803-96a0-ecbfe5e0da22,Stage IIA
11BR009-e37910a4-a49c-479b-998a-3b64a15e7942,Stage IIIC
11BR010-ad641013-add2-4dcc-984b-302e1f35fa1f,Stage IIB
11BR011-20527e43-a185-4a21-9ac9-f9603bba54c9,Stage IIIA
11BR012-d1b16f15-66a6-49fa-ba51-6f21e4af77f1,Stage IIA
11BR013-68ec7e12-7f4f-442b-a257-bf61f0819a5a,Stage IIA
11BR014-71ed013a-1394-45d2-b831-402847049e71,Stage IIIA
11BR015-86118217-85bd-4b8e-9995-ddeaa87722f6,Stage IIIA
11BR016-8b14bdf6-b522-4249-80f6-e3a7e8578029,Stage IIA
11BR017-5e0774ff-d53d-45d3-b8d7-b0e7f7a72a9d,Stage IIIA
11BR018-0864cc7a-c9b6-46d0-9018-1e1597df89fa,Stage IIIA
11BR019-4077ccb6-ff96-44c7-b77f-2a548e60de20,Stage IIA
11BR020-2cdf166f-eaf4-4347-ad5e-aca8c2ffb394,Stage IIA
11BR022-0adbbca3-7efe-42b4-b41a-cbd99239527c,Stage IIA
11BR023-533b908a-e79e-4f77-8fae-ad6a21fa3f25,Stage IIA
11BR024-13b5719b-8dd1-4b2a-871f-8bed2cf48d34,Stage IIA
11BR025-f61c2eb6-c7a9-4831-9f42-1cc2a68d441b,Stage IIA
11BR027-3b84fb21-3bfc-449e-9ec8-447b8db21c4b,Stage IIA
11BR028-937e9453-e195-42a6-820c-4b3d62797a89,Stage IIA
11BR030-8f201354-29ea-41ea-b1ec-71525b272f3f,Stage IIA
11BR031-afa4d52a-45e6-4efa-96ba-60a9780ffd2c,Stage IIA
11BR032-c0cef5fc-0c80-4812-aece-97c351747f26,Stage IIA
11BR036-f82b8134-65bc-47f5-9627-ca8b6ed9fc8b,Stage IIA
11BR038-1a3b63ca-a818-4d0c-bd6f-0c6fd637e1f4,Stage IIA
11BR040-3ce93f85-bd4a-4085-9ac9-77149835e9bd,Stage IIIA
11BR042-11d2b6ee-9b77-458d-a186-44a097a8055d,Stage IIA
11BR043-7b9ae31b-3b14-45c5-a1ef-ba5abf634f0f,Stage IIB
11BR044-b05e56ca-a092-489f-90bb-64246cae3e7d,Stage IIIA
11BR047-41e4a515-77b3-42f1-ab2a-ce8c4648f8e5,Stage IIA
11BR049-c548752a-095a-413e-b99d-dd8b6412b924,Stage IIIA
11BR050-5978194e-dfd2-4666-b716-a0f7d6e36566,Stage IIA
11BR051-39887620-f9ce-44d8-a7e7-0e8721556a80,Stage IIIA
11BR053-afe2a69e-3b2e-49a8-9ed9-915d8ad2cc69,Stage IIA
11BR054-43536ecc-b3a9-4644-89c8-308e101044f6,Stage IIA
11BR055-587c95be-5f0a-45d6-b5fd-f089ea1ffaec,Stage IIA
11BR056-30a71873-6790-433e-83d9-7770ff3f52db,Stage IIB
11BR058-b6d07707-90e4-4356-8011-10ddb28ce567,Stage IIA
11BR059-5ff51096-968b-480f-a2c7-574279855265,Stage IIA
11BR060-efd0c8b6-ae7c-44cd-81fd-aaba58d83c2f,Stage IIB
11BR069-4e3e8c0f-80b6-418c-b7a8-8aa75ecfc9b4,Stage IIA
11BR072-383ccc9f-e0b2-418c-88a2-a803cdab5b7f,Stage IIIC
11BR073-99aac7ae-4f88-459e-9c2c-c56ac7b44d8f,Stage IIIA
11BR074-d5d39517-70df-414f-b3a9-d29c3bf0e5a6,Stage IIIA
11BR075-eb4a9253-7a69-4ff8-ad93-8171a5641e70,Stage IIIA
11BR080-df839822-120c-457e-a9e1-0a0fdef8665f,Stage IIB
13BR009-629551c4-ee46-4d2c-9b34-e6d9245b83ad,Stage IIIB
14BR005-4eddfec9-b5aa-4768-8bbc-329d474a514b,Stage IIA
14BR008-e2549d98-1b68-4c4d-b7f6-311fdd05b260,Stage IIIA
14BR014-5576ffbb-4968-40f2-a401-847ef581eacc,Stage IIA
15BR003-a0bfef36-6e6f-4d61-8f50-b379aa96c8ac,Stage IIA
16BR012-1de87b90-c404-4b01-aa3c-5a91f987c8bd,Stage IIIC
18BR002-029d5599-d239-4163-a12a-2c7eaf88b88b,Stage IIIA
18BR003-da26a094-aecd-4553-8848-985da04eee66,Stage IIA
18BR004-2bba44c1-8268-47ff-831a-f96e133c4058,Stage IIA
18BR006-63bf10ca-59ad-4454-90ce-c7e263b71691,Stage IIA
18BR007-5b3f59e9-2c80-421c-bbdd-7cd5a8b6c6ab,Stage IIA
18BR009-adc1d8b6-a4a2-4cc1-a662-a587e2708ad5,Stage IIA
18BR010-a313ced2-f402-41ec-96e8-6f3da137d9bf,Stage IIIA
18BR016-8474446e-55b6-4acf-8a6c-4ecaf20e789c,Stage IA
18BR017-2d03b036-d027-471a-b1f6-ec53e1958a8e,Stage IA
18BR019-c94ca480-957d-4deb-ae9a-c2134c7c55e9,Stage IIIA
20BR001-f5fadba8-639a-4ed1-9e01-8ce0109a8e89,Stage IIA
20BR002-6489dcd2-c128-42e0-941e-e0a4a931cbda,Stage IIA
20BR005-1a7f8669-43c7-479c-95fb-a889365afe53,Stage IIB
20BR006-f49a5dc1-7138-4f09-a3d1-0df641e4004a,Stage IIB
20BR007-1eef079e-d5cd-4a0c-a9b5-525865aa7847,Stage IIA
20BR008-35920ef3-51ee-47f7-af63-2e278cc33951,Stage IIIB
21BR010-f519900c-de82-4aff-9a19-c7c645c2a834,Stage IIA
22BR005-007df8da-3d8c-497d-b7d3-3a02596f9577,Stage IIB
22BR006-d251c783-fc16-4a87-a3bb-5a6f6d77f343,Stage IIIA
